flags-normal/flag-of-Afghanistan.png, Afghanistan
flags-normal/flag-of-Albania.png, Albania
flags-normal/flag-of-Algeria.png, Algeria
flags-normal/flag-of-Andorra.png, Andorra
flags-normal/flag-of-Angola.png, Angola
flags-normal/flag-of-Antigua.png, Antigua and Barbuda
flags-normal/flag-of-Argentina.png, Argentina
flags-normal/flag-of-Armenia.png, Armenia
flags-normal/flag-of-Australia.png, Australia
flags-normal/flag-of-Austria.png, Austria
flags-normal/flag-of-Azerbaijan.png, Azerbaijan
flags-normal/flag-of-Bahamas.png, Bahamas
flags-normal/flag-of-Bahrain.png, Bahrain
flags-normal/flag-of-Bangladesh.png, Bangladesh
flags-normal/flag-of-Barbados.png, Barbados
flags-normal/flag-of-Belarus.png, Belarus
flags-normal/flag-of-Belgium.png, Belgium
flags-normal/flag-of-Belize.png, Belize
flags-normal/flag-of-Benin.png, Benin
flags-normal/flag-of-Bhutan.png, Bhutan
flags-normal/flag-of-Bolivia.png, Bolivia
flags-normal/flag-of-Bosnia-Herzegovina.png, Bosnia and Herzegovina
flags-normal/flag-of-Botswana.png, Botswana
flags-normal/flag-of-Brazil.png, Brazil
flags-normal/flag-of-Brunei.png, Brunei
flags-normal/flag-of-Bulgaria.png, Bulgaria
flags-normal/flag-of-Burkina-Faso.png, Burkina Faso
flags-normal/flag-of-Burundi.png, Burundi
flags-normal/flag-of-Cabo-Verde.png, Cabo Verde
flags-normal/flag-of-Cambodia.png, Cambodia
flags-normal/flag-of-Cameroon.png, Cameroon
flags-normal/flag-of-Canada.png, Canada
flags-normal/flag-of-Central-African-Republic.png, Central African Republic
flags-normal/flag-of-Chad.png, Chad
flags-normal/flag-of-Chile.png, Chile
flags-normal/flag-of-China.png, China
flags-normal/flag-of-Colombia.png, Colombia
flags-normal/flag-of-Comoros.png, Comoros
flags-normal/flag-of-Congo-Democratic-Republic-of.png, Democratic Republic of the Congo
flags-normal/flag-of-Congo.png, Republic of the Congo
flags-normal/flag-of-Costa-Rica.png, Costa Rica
flags-normal/flag-of-Cote-d-Ivoire.png, Cote d'Ivoire
flags-normal/flag-of-Croatia.png, Croatia
flags-normal/flag-of-Cuba.png, Cuba
flags-normal/flag-of-Cyprus.png, Cyprus
flags-normal/flag-of-Czech-Republic.png, Czech Republic
flags-normal/flag-of-Denmark.png, Denmark
flags-normal/flag-of-Djibouti.png, Djibouti
flags-normal/flag-of-Dominica.png, Dominica
flags-normal/flag-of-Dominican-Republic.png, Dominican Republic
flags-normal/flag-of-Ecuador.png, Ecuador
flags-normal/flag-of-Egypt.png, Egypt
flags-normal/flag-of-El-Salvador.png, El Salvador
flags-normal/flag-of-Equatorial-Guinea.png, Equatorial Guinea
flags-normal/flag-of-Eritrea.png, Eritrea
flags-normal/flag-of-Estonia.png, Estonia
flags-normal/flag-of-Eswatini.png, Eswatini (formerly Swaziland)
flags-normal/flag-of-Ethiopia.png, Ethiopia
flags-normal/flag-of-Fiji.png, Fiji
flags-normal/flag-of-Finland.png, Finland
flags-normal/flag-of-France.png, France
flags-normal/flag-of-Gabon.png, Gabon
flags-normal/flag-of-Gambia.png, Gambia
flags-normal/flag-of-Georgia.png, Georgia
flags-normal/flag-of-Germany.png, Germany
flags-normal/flag-of-Ghana.png, Ghana
flags-normal/flag-of-Greece.png, Greece
flags-normal/flag-of-Grenada.png, Grenada
flags-normal/flag-of-Guatemala.png, Guatemala
flags-normal/flag-of-Guinea.png, Guinea
flags-normal/flag-of-Guinea-Bissau.png, Guinea-Bissau
flags-normal/flag-of-Guyana.png, Guyana
flags-normal/flag-of-Haiti.png, Haiti
flags-normal/flag-of-Honduras.png, Honduras
flags-normal/flag-of-Hungary.png, Hungary
flags-normal/flag-of-Iceland.png, Iceland
flags-normal/flag-of-India.png, India
flags-normal/flag-of-Indonesia.png, Indonesia
flags-normal/flag-of-Iran.png, Iran
flags-normal/flag-of-Iraq.png, Iraq
flags-normal/flag-of-Ireland.png, Ireland
flags-normal/flag-of-Israel.png, Israel
flags-normal/flag-of-Italy.png, Italy
flags-normal/flag-of-Jamaica.png, Jamaica
flags-normal/flag-of-Japan.png, Japan
flags-normal/flag-of-Jordan.png, Jordan
flags-normal/flag-of-Kazakhstan.png, Kazakhstan
flags-normal/flag-of-Kenya.png, Kenya
flags-normal/flag-of-Kiribati.png, Kiribati
flags-normal/flag-of-Kosovo.png, Kosovo
flags-normal/flag-of-Kuwait.png, Kuwait
flags-normal/flag-of-Kyrgyzstan.png, Kyrgyzstan
flags-normal/flag-of-Laos.png, Laos
flags-normal/flag-of-Latvia.png, Latvia
flags-normal/flag-of-Lebanon.png, Lebanon
flags-normal/flag-of-Lesotho.png, Lesotho
flags-normal/flag-of-Liberia.png, Liberia
flags-normal/flag-of-Libya.png, Libya
flags-normal/flag-of-Liechtenstein.png, Liechtenstein
flags-normal/flag-of-Lithuania.png, Lithuania
flags-normal/flag-of-Luxembourg.png, Luxembourg
flags-normal/flag-of-Madagascar.png, Madagascar
flags-normal/flag-of-Malawi.png, Malawi
flags-normal/flag-of-Malaysia.png, Malaysia
flags-normal/flag-of-Maldives.png, Maldives
flags-normal/flag-of-Mali.png, Mali
flags-normal/flag-of-Malta.png, Malta
flags-normal/flag-of-Marshall-Islands.png, Marshall Islands
flags-normal/flag-of-Mauritania.png, Mauritania
flags-normal/flag-of-Mauritius.png, Mauritius
flags-normal/flag-of-Mexico.png, Mexico
flags-normal/flag-of-Micronesia.png, Micronesia
flags-normal/flag-of-Moldova.png, Moldova
flags-normal/flag-of-Monaco.png, Monaco
flags-normal/flag-of-Mongolia.png, Mongolia
flags-normal/flag-of-Montenegro.png, Montenegro
flags-normal/flag-of-Morocco.png, Morocco
flags-normal/flag-of-Mozambique.png, Mozambique
flags-normal/flag-of-Myanmar.png, Myanmar (formerly Burma)
flags-normal/flag-of-Namibia.png, Namibia
flags-normal/flag-of-Nauru.png, Nauru
flags-normal/flag-of-Nepal.png, Nepal
flags-normal/flag-of-Netherlands.png, Netherlands
flags-normal/flag-of-New-Zealand.png, New Zealand
flags-normal/flag-of-Nicaragua.png, Nicaragua
flags-normal/flag-of-Niger.png, Niger
flags-normal/flag-of-Nigeria.png, Nigeria
flags-normal/flag-of-Korea-North.png, North Korea
flags-normal/flag-of-North-Macedonia.png, North Macedonia (formerly Macedonia)
flags-normal/flag-of-Norway.png, Norway
flags-normal/flag-of-Oman.png, Oman
flags-normal/flag-of-Pakistan.png, Pakistan
flags-normal/flag-of-Palau.png, Palau
flags-normal/flag-of-Palestine.png, Palestine
flags-normal/flag-of-Panama.png, Panama
flags-normal/flag-of-Papua-New-Guinea.png, Papua New Guinea
flags-normal/flag-of-Paraguay.png, Paraguay
flags-normal/flag-of-Peru.png, Peru
flags-normal/flag-of-Philippines.png, Philippines
flags-normal/flag-of-Poland.png, Poland
flags-normal/flag-of-Portugal.png, Portugal
flags-normal/flag-of-Qatar.png, Qatar
flags-normal/flag-of-Romania.png, Romania
flags-normal/flag-of-Russia.png, Russia
flags-normal/flag-of-Rwanda.png, Rwanda
flags-normal/flag-of-St-Kitts-Nevis.png, Saint Kitts and Nevis
flags-normal/flag-of-St-Lucia.png, Saint Lucia
flags-normal/flag-of-St-Vincent-the-Grenadines.png, Saint Vincent and the Grenadines
flags-normal/flag-of-Samoa.png, Samoa
flags-normal/flag-of-San-Marino.png, San Marino
flags-normal/flag-of-Sao-Tome-and-Principe.png, Sao Tome and Principe
flags-normal/flag-of-Saudi-Arabia.png, Saudi Arabia
flags-normal/flag-of-Senegal.png, Senegal
flags-normal/flag-of-Serbia.png, Serbia
flags-normal/flag-of-Seychelles.png, Seychelles
flags-normal/flag-of-Sierra-Leone.png, Sierra Leone
flags-normal/flag-of-Singapore.png, Singapore
flags-normal/flag-of-Slovakia.png, Slovakia
flags-normal/flag-of-Slovenia.png, Slovenia
flags-normal/flag-of-Solomon-Islands.png, Solomon Islands
flags-normal/flag-of-Somalia.png, Somalia
flags-normal/flag-of-South-Africa.png, South Africa
flags-normal/flag-of-Korea-South.png, South Korea
flags-normal/flag-of-South-Sudan.png, South Sudan
flags-normal/flag-of-Spain.png, Spain
flags-normal/flag-of-Sri-Lanka.png, Sri Lanka
flags-normal/flag-of-Sudan.png, Sudan
flags-normal/flag-of-Suriname.png, Suriname
flags-normal/flag-of-Sweden.png, Sweden
flags-normal/flag-of-Switzerland.png, Switzerland
flags-normal/flag-of-Syria.png, Syria
flags-normal/flag-of-Taiwan.png, Taiwan
flags-normal/flag-of-Tajikistan.png, Tajikistan
flags-normal/flag-of-Tanzania.png, Tanzania
flags-normal/flag-of-Thailand.png, Thailand
flags-normal/flag-of-Timor-Leste.png, Timor-Leste
flags-normal/flag-of-Togo.png, Togo
flags-normal/flag-of-Tonga.png, Tonga
flags-normal/flag-of-Trinidad-and-Tobago.png, Trinidad and Tobago
flags-normal/flag-of-Tunisia.png, Tunisia
flags-normal/flag-of-Turkey.png, Turkey
flags-normal/flag-of-Turkmenistan.png, Turkmenistan
flags-normal/flag-of-Tuvalu.png, Tuvalu
flags-normal/flag-of-Uganda.png, Uganda
flags-normal/flag-of-Ukraine.png, Ukraine
flags-normal/flag-of-United-Arab-Emirates.png, United Arab Emirates
flags-normal/flag-of-United-Kingdom.png, United Kingdom
flags-normal/flag-of-United-States-of-America.png, United States of America
flags-normal/flag-of-Uruguay.png, Uruguay
flags-normal/flag-of-Uzbekistan.png, Uzbekistan
flags-normal/flag-of-Vanuatu.png, Vanuatu
flags-normal/flag-of-Vatican-City.png, Vatican City (Holy See)
flags-normal/flag-of-Venezuela.png, Venezuela
flags-normal/flag-of-Vietnam.png, Vietnam
flags-normal/flag-of-Yemen.png, Yemen
flags-normal/flag-of-Zambia.png, Zambia
flags-normal/flag-of-Zimbabwe.png, Zimbabwe
